{
  "base": {
    "normal": 0.5572395337649052,
    "tube": 0.5458745363510256,
    "replay_buffer": 0.5669819295648189,
    "residual_dynamics": 0.5451188608766733
  },
  "steer_0": {
    "normal": 0.5611326209171005,
    "tube": 0.5496778803990119,
    "replay_buffer": 0.5710801224980276,
    "residual_dynamics": 0.5645155661577065
  },
  "wind_15000": {
    "normal": 1.2709446767326944,
    "tube": 2.487639014616713,
    "replay_buffer": 1.3551705085937535,
    "residual_dynamics": 1.1548168593077939
  }
}