{
  "base": {
    "normal": 0.5585152051464958,
    "tube": 0.552373955333385,
    "replay_buffer": 0.5061122552428148,
    "residual_dynamics": 0.5092564924679117
  },
  "steer_0.1": {
    "normal": 0.7865440528637258,
    "tube": 0.6919681335920173,
    "replay_buffer": 0.6996262919182601,
    "residual_dynamics": 0.9041531866663688
  },
  "steer_0.2": {
    "normal": 1.097721273330773,
    "tube": 0.8734250411058347,
    "replay_buffer": 0.9842649553904262,
    "residual_dynamics": 0.9757339137281877
  },
  "steer_0.3": {
    "normal": 1.4630917812206956,
    "tube": 1.0765940392028295,
    "replay_buffer": 1.37356437129297,
    "residual_dynamics": 1.3778792358687997
  },
  "wind_5000": {
    "normal": 0.5471651867491425,
    "tube": 0.5404912187479826,
    "replay_buffer": 0.4874284764877989,
    "residual_dynamics": 0.5067696664725719
  },
  "wind_10000": {
    "normal": 0.5957736974952348,
    "tube": 0.5808552943214358,
    "replay_buffer": 0.4998207040968291,
    "residual_dynamics": 0.5609166383273954
  },
  "wind_15000": {
    "normal": 1.0254049962207208,
    "tube": 2.1917949626601327,
    "replay_buffer": 1.070932954062872,
    "residual_dynamics": 1.4310018597309875
  }
}