{
  "normal": 1.2909961881084895,
  "tube": 1.0605767769164725,
  "replay_buffer": 1.5309896953315543,
  "residual_dynamics": 1.2914321564976288
}