{
  "method": "replay_buffer",
  "study_name": "replay_buffer_2026-05-17_10-31-41",
  "best_trial": 11,
  "mean_rmse": 0.6993940607798396,
  "params": {
    "online_lr_replay": 4.5463954951931305e-07,
    "buffer_size": 139,
    "online_weight_decay": 0.0004272274816226789
  },
  "tune_steps": 10000,
  "n_seeds": 2,
  "tuning_scenario": {
    "name": "steer_0.2",
    "steering_force": 0.2,
    "wind_force": 0.0
  }
}