{
  "base": {
    "normal": 0.560296190166545,
    "tube": 0.5487634416916787,
    "replay_buffer": 0.5616968446871274,
    "residual_dynamics": 0.5576653164839741
  },
  "steer_0.1": {
    "normal": 0.7966206560139367,
    "tube": 0.6959736116471269,
    "replay_buffer": 0.8052782490013012,
    "residual_dynamics": 0.7905808596942075
  },
  "steer_0.2": {
    "normal": 1.0880331075270473,
    "tube": 0.880218731758967,
    "replay_buffer": 1.1066398480162694,
    "residual_dynamics": 1.093536131102967
  },
  "steer_0.3": {
    "normal": 1.4725874034921722,
    "tube": 1.0792328661447153,
    "replay_buffer": 1.4820189962767645,
    "residual_dynamics": 1.475823690312665
  },
  "wind_2000": {
    "normal": 0.550646017194282,
    "tube": 0.535394097043432,
    "replay_buffer": 0.5611035672274802,
    "residual_dynamics": 0.5609744723444768
  },
  "wind_4000": {
    "normal": 0.5413407826997633,
    "tube": 0.5339481694028281,
    "replay_buffer": 0.5481117941926872,
    "residual_dynamics": 0.5454488480377421
  },
  "wind_8000": {
    "normal": 0.5171376953946026,
    "tube": 0.5053931688364203,
    "replay_buffer": 0.5218426736714198,
    "residual_dynamics": 0.5169138305337249
  }
}