{
  "base": {
    "normal": 0.5593190050233473,
    "tube": 0.5357381631237886,
    "replay_buffer": 0.6567940083221665,
    "residual_dynamics": 0.398833620909808,
    "tube_adaptive": 2.157497433303585
  },
  "steer_0.1": {
    "normal": 0.7937803906233358,
    "tube": 0.6276699811217066,
    "replay_buffer": 0.6425406379852256,
    "residual_dynamics": 3.4639824611080545,
    "tube_adaptive": 2.158473262201626
  },
  "steer_0.2": {
    "normal": 1.0856036175870052,
    "tube": 0.7179103306544805,
    "replay_buffer": 0.916347949703123,
    "residual_dynamics": 1.1498148902981413,
    "tube_adaptive": 0.7009661231018692
  },
  "steer_0.3": {
    "normal": 1.4783335039585324,
    "tube": 0.832403466594576,
    "replay_buffer": 1.30307029700329,
    "residual_dynamics": 2.073008208553705,
    "tube_adaptive": 0.8098313570678172
  },
  "wind_5000": {
    "normal": 0.5540905199939916,
    "tube": 0.5307412907507135,
    "replay_buffer": 0.6191098918767809,
    "residual_dynamics": 0.977206820690887,
    "tube_adaptive": 0.5222009006213114
  },
  "wind_10000": {
    "normal": 0.5903599503485236,
    "tube": 0.5780587127585748,
    "replay_buffer": 0.48792175968157203,
    "residual_dynamics": 1.4262218034996592,
    "tube_adaptive": 0.5652305053379563
  },
  "wind_15000": {
    "normal": 1.3101898994191419,
    "tube": 4.266274718714653,
    "replay_buffer": 0.9463330654868505,
    "residual_dynamics": 3.03504861183438,
    "tube_adaptive": 3.471433434653535
  }
}