{
  "base": {
    "normal": 0.46991032714678926,
    "tube": 0.4672230673041739,
    "replay_buffer": 0.47262400918274616,
    "residual_dynamics": 0.8200357815391889
  },
  "steer_0.1": {
    "normal": 0.4991800481794937,
    "tube": 0.48985292704241395,
    "replay_buffer": 0.45434859485374535,
    "residual_dynamics": 0.43920693301844393
  },
  "steer_0.2": {
    "normal": 0.5356253272966831,
    "tube": 0.5138670376733108,
    "replay_buffer": 0.4868165019101876,
    "residual_dynamics": 0.48563469766530964
  },
  "steer_0.3": {
    "normal": 0.5771125855434873,
    "tube": 0.5463077281294397,
    "replay_buffer": 0.5600278674599162,
    "residual_dynamics": 0.5596595087270853
  },
  "l_2.5": {
    "normal": 0.4695894555829552,
    "tube": 0.46724404058750446,
    "replay_buffer": 0.5156317745218514,
    "residual_dynamics": 0.8009115774079467
  },
  "l_0.5": {
    "normal": 0.7218032327503707,
    "tube": 0.5319227714879052,
    "replay_buffer": 0.8481515480894889,
    "residual_dynamics": 0.8009115749950035
  },
  "l_0.2": {
    "normal": 1.4135277707328304,
    "tube": 0.9728475061957006,
    "replay_buffer": 0.446811595749711,
    "residual_dynamics": 0.8215907348617766
  }
}