{
  "base": {
    "normal": 0.5566031104421961,
    "tube": 0.5485844260903734,
    "replay_buffer": 0.5765725160488684,
    "residual_dynamics": 0.5721370906571358
  },
  "steer_0.1": {
    "normal": 0.7938443799864836,
    "tube": 0.6942200048063364,
    "replay_buffer": 0.7999761669046839,
    "residual_dynamics": 0.8138125954759714
  },
  "steer_0.2": {
    "normal": 1.0942072227992181,
    "tube": 0.8854669398118786,
    "replay_buffer": 1.1174610893357744,
    "residual_dynamics": 1.0621149121301394
  },
  "steer_0.3": {
    "normal": 1.4635606892878212,
    "tube": 1.0847316437827919,
    "replay_buffer": 1.4961190075105935,
    "residual_dynamics": 1.4443619353769104
  },
  "wind_5000": {
    "normal": 0.5508408320216202,
    "tube": 0.540399998782336,
    "replay_buffer": 0.5550896430238326,
    "residual_dynamics": 0.5419121839468954
  },
  "wind_10000": {
    "normal": 0.5920338196358516,
    "tube": 0.5890898833317241,
    "replay_buffer": 0.6190683719124679,
    "residual_dynamics": 0.6044762654086886
  },
  "wind_15000": {
    "normal": 1.105493772507276,
    "tube": 1.8268029761000604,
    "replay_buffer": 1.5162039764944153,
    "residual_dynamics": 1.4327305572822688
  }
}