{
  "base": {
    "normal": 0.5662037764524545,
    "tube": 0.5507851802210639,
    "replay_buffer": 0.5724433769995443,
    "residual_dynamics": 0.5715560925090211
  },
  "steer_0.1": {
    "normal": 0.791573127899037,
    "tube": 0.6887436980359837,
    "replay_buffer": 0.8008693039554977,
    "residual_dynamics": 0.8181715770136915
  },
  "steer_0.2": {
    "normal": 1.0913324755822444,
    "tube": 0.8741852532833736,
    "replay_buffer": 1.1080268846750623,
    "residual_dynamics": 1.1480668126230407
  },
  "steer_0.3": {
    "normal": 1.4672612903706228,
    "tube": 1.0798420393390644,
    "replay_buffer": 1.4950237621983498,
    "residual_dynamics": 1.4950333119995083
  },
  "wind_5000": {
    "normal": 0.5518495644722066,
    "tube": 0.5355581730234644,
    "replay_buffer": 0.5567922028107545,
    "residual_dynamics": 0.5439407494716082
  },
  "wind_10000": {
    "normal": 0.5939452940809531,
    "tube": 0.5790089196016803,
    "replay_buffer": 0.6188908093266493,
    "residual_dynamics": 0.6281085342132011
  },
  "wind_15000": {
    "normal": 1.0517778699024107,
    "tube": 1.190689494251503,
    "replay_buffer": 1.2119673759113845,
    "residual_dynamics": 1.5478261490222183
  }
}