{
  "base": {
    "normal": 0.5586701221295011,
    "tube": 0.5419905533529894,
    "replay_buffer": 0.5707270652036351,
    "residual_dynamics": 0.5518213256704493
  },
  "steer_0.1": {
    "normal": 0.7969326351108519,
    "tube": 0.7040400613995879,
    "replay_buffer": 0.8052313862918882,
    "residual_dynamics": 0.7837045751631155
  },
  "steer_0.2": {
    "normal": 1.0949321260124243,
    "tube": 0.872634351334258,
    "replay_buffer": 1.105763020499299,
    "residual_dynamics": 1.0934787157774573
  },
  "steer_0.3": {
    "normal": 1.475046361088194,
    "tube": 1.080968211608193,
    "replay_buffer": 1.4891360764961468,
    "residual_dynamics": 1.4809840325189985
  },
  "wind_5000": {
    "normal": 0.5450794193933731,
    "tube": 0.5394448848677104,
    "replay_buffer": 0.557150319587053,
    "residual_dynamics": 0.5780042602439911
  },
  "wind_10000": {
    "normal": 0.5888846564382078,
    "tube": 0.588569799439195,
    "replay_buffer": 0.6245033860720677,
    "residual_dynamics": 0.6122838163625232
  },
  "wind_15000": {
    "normal": 1.2674530716176273,
    "tube": 2.1025872784265123,
    "replay_buffer": 1.315427618231755,
    "residual_dynamics": 1.2982708803855658
  }
}