{
  "base": {
    "normal": 0.555297751606243,
    "tube": 0.5433226834135468,
    "replay_buffer": 0.47669666739917965,
    "residual_dynamics": 0.9551849965954322,
    "tube_adaptive": 2.402365258801295
  },
  "steer_0.1": {
    "normal": 0.7909723072669662,
    "tube": 0.6303135595534846,
    "replay_buffer": 0.6486814287467731,
    "residual_dynamics": 1.2524280611204766,
    "tube_adaptive": 2.4877049862948453
  },
  "steer_0.2": {
    "normal": 1.1019413185424276,
    "tube": 0.7205046617068754,
    "replay_buffer": 0.9046969548406407,
    "residual_dynamics": 0.7346365901433973,
    "tube_adaptive": 2.2888582977683236
  },
  "steer_0.3": {
    "normal": 1.4732073109860393,
    "tube": 0.8332590051906841,
    "replay_buffer": 1.3056659253150944,
    "residual_dynamics": 1.3837312181514188,
    "tube_adaptive": 0.7902091560647684
  },
  "wind_5000": {
    "normal": 0.5488765920828946,
    "tube": 0.5360242816648932,
    "replay_buffer": 0.6059240426127094,
    "residual_dynamics": 0.9914901465821129,
    "tube_adaptive": 5.3327791249265335
  },
  "wind_10000": {
    "normal": 0.5920749511230277,
    "tube": 0.581055644567063,
    "replay_buffer": 0.4884848964272672,
    "residual_dynamics": 0.396415005501515,
    "tube_adaptive": 0.5682924049990628
  },
  "wind_15000": {
    "normal": 1.7256075170373364,
    "tube": 2.143684088186631,
    "replay_buffer": 1.2772121396424096,
    "residual_dynamics": 2.3850856810237024,
    "tube_adaptive": 4.138941396601686
  }
}