{
  "base": {
    "normal": 0.557033111580051,
    "tube": 0.5498555336511026,
    "replay_buffer": 0.556845381249609,
    "residual_dynamics": 0.5596164273433062
  },
  "steer_0.1": {
    "normal": 0.7874973389076758,
    "tube": 0.6951076609897928,
    "replay_buffer": 0.796524930164102,
    "residual_dynamics": 0.7940383659941146
  },
  "steer_0.2": {
    "normal": 1.0933745853998051,
    "tube": 0.8817460462431346,
    "replay_buffer": 1.0910325792692104,
    "residual_dynamics": 1.0929197802227906
  },
  "steer_0.3": {
    "normal": 1.455382954462352,
    "tube": 1.0864128093778556,
    "replay_buffer": 1.4640979421362599,
    "residual_dynamics": 1.4665554934572302
  },
  "wind_500": {
    "normal": 0.5532537165088365,
    "tube": 0.5443168185414478,
    "replay_buffer": 0.5567409344746955,
    "residual_dynamics": 0.5629219140726743
  },
  "wind_1000": {
    "normal": 0.5578139062944083,
    "tube": 0.54848476743094,
    "replay_buffer": 0.5548701054299011,
    "residual_dynamics": 0.5532661650723616
  },
  "wind_2000": {
    "normal": 0.5482732345468312,
    "tube": 0.5446185068684256,
    "replay_buffer": 0.5432096962639505,
    "residual_dynamics": 0.5470046150503032
  }
}