{
  "base": {
    "normal": 0.5573414746879347,
    "tube": 0.549873956763051,
    "replay_buffer": 0.5675586963667405,
    "residual_dynamics": 0.5602239202702028
  },
  "steer_0.1": {
    "normal": 0.7961802270440052,
    "tube": 0.6940350623632198,
    "replay_buffer": 0.804476381254642,
    "residual_dynamics": 0.8010064736395932
  },
  "steer_0.2": {
    "normal": 1.0851846870657507,
    "tube": 0.8709556043753167,
    "replay_buffer": 1.101262197306324,
    "residual_dynamics": 1.0743138877090526
  },
  "steer_0.3": {
    "normal": 1.4650454948416982,
    "tube": 1.0777686183288053,
    "replay_buffer": 1.4940995953352878,
    "residual_dynamics": 1.482326894007524
  },
  "wind_500": {
    "normal": 0.5558255377958793,
    "tube": 0.5491980719820614,
    "replay_buffer": 0.5602350878668283,
    "residual_dynamics": 0.5699008039930561
  },
  "wind_1000": {
    "normal": 0.5553207304728186,
    "tube": 0.5387663908723753,
    "replay_buffer": 0.5637526049063386,
    "residual_dynamics": 0.5556806141650499
  },
  "wind_2000": {
    "normal": 0.5480940719861037,
    "tube": 0.5325058691261805,
    "replay_buffer": 0.5589380109901623,
    "residual_dynamics": 0.5443362290579032
  }
}