{
  "base": {
    "normal": 0.5610166319488024,
    "tube": 0.5505244989229003,
    "replay_buffer": 0.5721189588402041,
    "residual_dynamics": 0.5643098056102155
  },
  "steer_0.1": {
    "normal": 0.7906022247518547,
    "tube": 0.6937713744699509,
    "replay_buffer": 0.8049549455978591,
    "residual_dynamics": 0.7796504259799409
  },
  "steer_0.2": {
    "normal": 1.0939782489972547,
    "tube": 0.8743799521165493,
    "replay_buffer": 1.099320913608576,
    "residual_dynamics": 1.090412902257496
  },
  "steer_0.3": {
    "normal": 1.4714458352960444,
    "tube": 1.0829914733413497,
    "replay_buffer": 1.495989474478044,
    "residual_dynamics": 1.452219967228348
  },
  "wind_5000": {
    "normal": 0.5429532423451024,
    "tube": 0.5381634487827199,
    "replay_buffer": 0.5619227273275149,
    "residual_dynamics": 0.5423978335973638
  },
  "wind_10000": {
    "normal": 0.5881663052400549,
    "tube": 0.5866831252128857,
    "replay_buffer": 0.6201581955474424,
    "residual_dynamics": 0.5974789857999588
  },
  "wind_20000": {
    "normal": 16.66391259219104,
    "tube": 16.656316341546276,
    "replay_buffer": 16.642284824599525,
    "residual_dynamics": 16.729494698584837
  }
}