{
  "base": {
    "normal": 0.5614530203167513,
    "tube": 0.5478697292886847,
    "replay_buffer": 0.50782140448951,
    "residual_dynamics": 0.5785841561920141
  },
  "steer_0.1": {
    "normal": 0.795253488826066,
    "tube": 0.7023917815298191,
    "replay_buffer": 0.6966362283562054,
    "residual_dynamics": 0.883368994748081
  },
  "steer_0.2": {
    "normal": 1.0946505913291131,
    "tube": 0.8762732355742622,
    "replay_buffer": 0.987406237086916,
    "residual_dynamics": 0.9572642768145169
  },
  "steer_0.3": {
    "normal": 1.4612055204374532,
    "tube": 1.0821794787983896,
    "replay_buffer": 1.389856666500328,
    "residual_dynamics": 1.472799099919712
  },
  "wind_5000": {
    "normal": 0.5547890870542213,
    "tube": 0.5347461875745446,
    "replay_buffer": 0.49036771047558503,
    "residual_dynamics": 0.527256272399604
  },
  "wind_10000": {
    "normal": 0.5871094539380795,
    "tube": 0.5835554884404666,
    "replay_buffer": 0.5005837843683248,
    "residual_dynamics": 0.5807214694297306
  },
  "wind_15000": {
    "normal": 1.3832464728996754,
    "tube": 4.359951147794419,
    "replay_buffer": 1.3496706611569784,
    "residual_dynamics": 1.0175631344270124
  }
}