{
  "base": {
    "normal": 0.5601247515457292,
    "tube": 0.5494627954935211,
    "replay_buffer": 0.5606876547714974,
    "residual_dynamics": 0.5608130884191581
  },
  "steer_0.1": {
    "normal": 0.7922918040136488,
    "tube": 0.6961637615419635,
    "replay_buffer": 0.7936412194141887,
    "residual_dynamics": 0.79426786613493
  },
  "steer_0.2": {
    "normal": 1.0982568143767457,
    "tube": 0.869373763673703,
    "replay_buffer": 1.1007084199522659,
    "residual_dynamics": 1.095765144634798
  },
  "steer_0.3": {
    "normal": 1.4720582142792416,
    "tube": 1.0852719137136666,
    "replay_buffer": 1.4732027344830163,
    "residual_dynamics": 1.4654281515887488
  },
  "l_2.5": {
    "normal": 0.5534325487753675,
    "tube": 0.5471895345808018,
    "replay_buffer": 0.5577644458927944,
    "residual_dynamics": 0.5634163503776841
  },
  "l_0.5": {
    "normal": 0.5510066192191071,
    "tube": 6.6391243019628,
    "replay_buffer": 0.5609364981053014,
    "residual_dynamics": 0.5627783283617194
  },
  "l_0.2": {
    "normal": 0.5611279938309028,
    "tube": 8.611147236637006,
    "replay_buffer": 0.5664250200483336,
    "residual_dynamics": 0.5604500123856052
  }
}